Name,Site,Sitenumber,Yr
Afareaitu1_2017_1.JPG,Afareaitu1,B19,2017
Afareaitu1_2017_2.JPG,Afareaitu1,B19,2017
Afareaitu1_2017_3.JPG,Afareaitu1,B19,2017
Afareaitu1_2017_4.JPG,Afareaitu1,B19,2017
Afareaitu1_2017_5.JPG,Afareaitu1,B19,2017
Afareaitu2_2017_1.JPG,Afareaitu2,B20,2017
Afareaitu2_2017_2.JPG,Afareaitu2,B20,2017
Afareaitu2_2017_3.JPG,Afareaitu2,B20,2017
Afareaitu2_2017_4.JPG,Afareaitu2,B20,2017
Afareaitu2_2017_5.JPG,Afareaitu2,B20,2017
Atiha1_2017_1.JPG,Atiha1,B17,2017
Atiha1_2017_2.JPG,Atiha1,B17,2017
Atiha1_2017_3.JPG,Atiha1,B17,2017
Atiha1_2017_4.JPG,Atiha1,B17,2017
Atiha1_2017_5.JPG,Atiha1,B17,2017
Atiha2_2017_1.JPG,Atiha2,B18,2017
Atiha2_2017_2.JPG,Atiha2,B18,2017
Atiha2_2017_3.JPG,Atiha2,B18,2017
Atiha2_2017_4.JPG,Atiha2,B18,2017
Atiha2_2017_5.JPG,Atiha2,B18,2017
CB1_2019_1.jpg,CB1,BB1,2019
CB1_2019_2.jpg,CB1,BB1,2019
CB1_2019_3.jpg,CB1,BB1,2019
CB1_2019_4.jpg,CB1,BB1,2019
CB1_2019_5.jpg,CB1,BB1,2019
CB2_2019_1.jpg,CB2,BB2,2019
CB2_2019_2.jpg,CB2,BB2,2019
CB2_2019_3.jpg,CB2,BB2,2019
CB2_2019_4.jpg,CB2,BB2,2019
CB2_2019_5.jpg,CB2,BB2,2019
CB3_2019_1.jpg,CB3,BB3,2019
CB3_2019_2.jpg,CB3,BB3,2019
CB3_2019_3.jpg,CB3,BB3,2019
CB3_2019_4.jpg,CB3,BB3,2019
CB3_2019_5.jpg,CB3,BB3,2019
CB4_2019_1.jpg,CB4,BB4,2019
CB4_2019_2.jpg,CB4,BB4,2019
CB4_2019_3.jpg,CB4,BB4,2019
CB4_2019_4.jpg,CB4,BB4,2019
CB4_2019_5.jpg,CB4,BB4,2019
CB5_2019_1.jpg,CB5,BB5,2019
CB5_2019_2.jpg,CB5,BB5,2019
CB5_2019_3.jpg,CB5,BB5,2019
CB5_2019_4.jpg,CB5,BB5,2019
CB5_2019_5.jpg,CB5,BB5,2019
CB6_2019_1.jpg,CB6,BB6,2019
CB6_2019_2.jpg,CB6,BB6,2019
CB6_2019_3.jpg,CB6,BB6,2019
CB6_2019_4.jpg,CB6,BB6,2019
CB6_2019_5.jpg,CB6,BB6,2019
CB7_2019_1.jpg,CB7,BB7,2019
CB7_2019_2.jpg,CB7,BB7,2019
CB7_2019_3.jpg,CB7,BB7,2019
CB7_2019_4.jpg,CB7,BB7,2019
CB7_2019_5.jpg,CB7,BB7,2019
CB8_2019_1.jpg,CB8,BB8,2019
CB8_2019_2.jpg,CB8,BB8,2019
CB8_2019_3.jpg,CB8,BB8,2019
CB8_2019_4.jpg,CB8,BB8,2019
CB8_2019_6.jpg,CB8,BB8,2019
CRIOBE1_2017_1.JPG,CRIOBE1,B12,2017
CRIOBE1_2017_2.JPG,CRIOBE1,B12,2017
CRIOBE1_2017_3.JPG,CRIOBE1,B12,2017
CRIOBE1_2017_4.JPG,CRIOBE1,B12,2017
CRIOBE1_2017_5.JPG,CRIOBE1,B12,2017
CRIOBE2_2017_1.JPG,CRIOBE2,B1,2017
CRIOBE2_2017_2.JPG,CRIOBE2,B1,2017
CRIOBE2_2017_3.JPG,CRIOBE2,B1,2017
CRIOBE2_2017_4.JPG,CRIOBE2,B1,2017
CRIOBE2_2017_5.JPG,CRIOBE2,B1,2017
FareAute1_2018_1.JPG,FareAute1,B23,2018
FareAute1_2018_2.JPG,FareAute1,B23,2018
FareAute1_2018_3.JPG,FareAute1,B23,2018
FareAute1_2018_4.JPG,FareAute1,B23,2018
FareAute1_2018_5.JPG,FareAute1,B23,2018
FareAute2_2018_1.JPG,FareAute2,B29,2018
FareAute2_2018_2.JPG,FareAute2,B29,2018
FareAute2_2018_3.JPG,FareAute2,B29,2018
FareAute2_2018_4.JPG,FareAute2,B29,2018
FareAute2_2018_5.JPG,FareAute2,B29,2018
FareDhote1_2018_1.JPG,FareDhote1,B24,2018
FareDhote1_2018_2.JPG,FareDhote1,B24,2018
FareDhote1_2018_3.JPG,FareDhote1,B24,2018
FareDhote1_2018_4.JPG,FareDhote1,B24,2018
FareDhote1_2018_5.JPG,FareDhote1,B24,2018
FareDhote2_2018_1.JPG,FareDhote2,B30,2018
FareDhote2_2018_2.JPG,FareDhote2,B30,2018
FareDhote2_2018_3.JPG,FareDhote2,B30,2018
FareDhote2_2018_4.JPG,FareDhote2,B30,2018
FareDhote2_2018_5.JPG,FareDhote2,B30,2018
Haapiti1_2017_1.JPG,Haapiti1,B21,2017
Haapiti1_2017_2.JPG,Haapiti1,B21,2017
Haapiti1_2017_3.JPG,Haapiti1,B21,2017
Haapiti1_2017_4.JPG,Haapiti1,B21,2017
Haapiti1_2017_5.JPG,Haapiti1,B21,2017
Haapiti2_2017_1.JPG,Haapiti2,B11,2017
Haapiti2_2017_2.JPG,Haapiti2,B11,2017
Haapiti2_2017_3.JPG,Haapiti2,B11,2017
Haapiti2_2017_4.JPG,Haapiti2,B11,2017
Haapiti2_2017_5.JPG,Haapiti2,B11,2017
Haumi1_2018_1.JPG,Haumi1,B26,2018
Haumi1_2018_2.JPG,Haumi1,B26,2018
Haumi1_2018_3.JPG,Haumi1,B26,2018
Haumi1_2018_4.JPG,Haumi1,B26,2018
Haumi1_2018_5.JPG,Haumi1,B26,2018
Haumi2_2018_1.JPG,Haumi2,B31,2018
Haumi2_2018_2.JPG,Haumi2,B31,2018
Haumi2_2018_3.JPG,Haumi2,B31,2018
Haumi2_2018_4.JPG,Haumi2,B31,2018
Haumi2_2018_5.JPG,Haumi2,B31,2018
Maatea1_2017_1.JPG,Maatea1,B22,2017
Maatea1_2017_2.JPG,Maatea1,B22,2017
Maatea1_2017_3.JPG,Maatea1,B22,2017
Maatea1_2017_4.JPG,Maatea1,B22,2017
Maatea1_2017_5.JPG,Maatea1,B22,2017
Maatea2_2017_1.JPG,Maatea2,B9,2017
Maatea2_2017_2.JPG,Maatea2,B9,2017
Maatea2_2017_3.JPG,Maatea2,B9,2017
Maatea2_2017_4.JPG,Maatea2,B9,2017
Maatea2_2017_5.JPG,Maatea2,B9,2017
Maharepa1_2017_1.JPG,Maharepa1,B13,2017
Maharepa1_2017_2.JPG,Maharepa1,B13,2017
Maharepa1_2017_3.JPG,Maharepa1,B13,2017
Maharepa1_2017_4.JPG,Maharepa1,B13,2017
Maharepa1_2017_5.JPG,Maharepa1,B13,2017
Maharepa2_2017_1.JPG,Maharepa2,B14,2017
Maharepa2_2017_2.JPG,Maharepa2,B14,2017
Maharepa2_2017_3.JPG,Maharepa2,B14,2017
Maharepa2_2017_4.JPG,Maharepa2,B14,2017
Maharepa2_2017_5.JPG,Maharepa2,B14,2017
Opunohu1_2018_1.JPG,Opunohu1,B27,2018
Opunohu1_2018_2.JPG,Opunohu1,B27,2018
Opunohu1_2018_3.JPG,Opunohu1,B27,2018
Opunohu1_2018_4.JPG,Opunohu1,B27,2018
Opunohu1_2018_5.JPG,Opunohu1,B27,2018
Opunohu2_2018_1.JPG,Opunohu2,B28,2018
Opunohu2_2018_2.JPG,Opunohu2,B28,2018
Opunohu2_2018_3.JPG,Opunohu2,B28,2018
Opunohu2_2018_4.JPG,Opunohu2,B28,2018
Opunohu2_2018_5.JPG,Opunohu2,B28,2018
PB1_2020_1.jpeg,PB1,PB1,2020
PB1_2020_2.jpeg,PB1,PB1,2020
PB1_2020_3.jpeg,PB1,PB1,2020
PB1_2020_4.jpeg,PB1,PB1,2020
PB1_2020_5.jpeg,PB1,PB1,2020
PB10_2020_1.jpeg,PB10,PB10,2020
PB10_2020_2.jpeg,PB10,PB10,2020
PB10_2020_3.jpeg,PB10,PB10,2020
PB10_2020_4.jpeg,PB10,PB10,2020
PB10_2020_5.jpeg,PB10,PB10,2020
PB2_2020_1.jpeg,PB2,PB2,2020
PB2_2020_2.jpeg,PB2,PB2,2020
PB2_2020_3.jpeg,PB2,PB2,2020
PB2_2020_4.jpeg,PB2,PB2,2020
PB2_2020_5.jpeg,PB2,PB2,2020
PB3_2020_1.jpeg,PB3,PB3,2020
PB3_2020_2.jpeg,PB3,PB3,2020
PB3_2020_3.jpeg,PB3,PB3,2020
PB3_2020_4.jpeg,PB3,PB3,2020
PB3_2020_5.jpeg,PB3,PB3,2020
PB4_2020_1.jpeg,PB4,PB4,2020
PB4_2020_2.jpeg,PB4,PB4,2020
PB4_2020_3.jpeg,PB4,PB4,2020
PB4_2020_4.jpeg,PB4,PB4,2020
PB4_2020_5.jpeg,PB4,PB4,2020
PB5_2020_1.jpeg,PB5,PB5,2020
PB5_2020_2.jpeg,PB5,PB5,2020
PB5_2020_3.jpeg,PB5,PB5,2020
PB5_2020_4.jpeg,PB5,PB5,2020
PB5_2020_5.jpeg,PB5,PB5,2020
PB6_2020_1.jpeg,PB6,PB6,2020
PB6_2020_2.jpeg,PB6,PB6,2020
PB6_2020_3.jpeg,PB6,PB6,2020
PB6_2020_4.jpeg,PB6,PB6,2020
PB6_2020_5.jpeg,PB6,PB6,2020
PB7_2020_1.jpeg,PB7,PB7,2020
PB7_2020_2.jpeg,PB7,PB7,2020
PB7_2020_3.jpeg,PB7,PB7,2020
PB7_2020_4.jpeg,PB7,PB7,2020
PB7_2020_5.jpeg,PB7,PB7,2020
PB8_2020_1.jpeg,PB8,PB8,2020
PB8_2020_2.jpeg,PB8,PB8,2020
PB8_2020_3.jpeg,PB8,PB8,2020
PB8_2020_4.jpeg,PB8,PB8,2020
PB8_2020_5.jpeg,PB8,PB8,2020
PB9_2020_1.jpeg,PB9,PB9,2020
PB9_2020_2.jpeg,PB9,PB9,2020
PB9_2020_3.jpeg,PB9,PB9,2020
PB9_2020_4.jpeg,PB9,PB9,2020
PB9_2020_5.jpeg,PB9,PB9,2020
Piahaena1_2017_1.JPG,Piahaena1,B3,2017
Piahaena1_2017_2.JPG,Piahaena1,B3,2017
Piahaena1_2017_3.JPG,Piahaena1,B3,2017
Piahaena1_2017_4.JPG,Piahaena1,B3,2017
Piahaena1_2017_5.JPG,Piahaena1,B3,2017
Piahaena2_2017_1.JPG,Piahaena2,B4,2017
Piahaena2_2017_2.JPG,Piahaena2,B4,2017
Piahaena2_2017_3.JPG,Piahaena2,B4,2017
Piahaena2_2017_4.JPG,Piahaena2,B4,2017
Piahaena2_2017_5.JPG,Piahaena2,B4,2017
Teavaro1_2017_1.JPG,Teavaro1,B15,2017
Teavaro1_2017_2.JPG,Teavaro1,B15,2017
Teavaro1_2017_3.JPG,Teavaro1,B15,2017
Teavaro1_2017_4.JPG,Teavaro1,B15,2017
Teavaro1_2017_5.JPG,Teavaro1,B15,2017
Teavaro2_2017_1.JPG,Teavaro2,B16,2017
Teavaro2_2017_2.JPG,Teavaro2,B16,2017
Teavaro2_2017_3.JPG,Teavaro2,B16,2017
Teavaro2_2017_4.JPG,Teavaro2,B16,2017
Teavaro2_2017_5.JPG,Teavaro2,B16,2017
Tetaiuo1_2017_1.JPG,Tetaiuo1,B6,2017
Tetaiuo1_2017_2.JPG,Tetaiuo1,B6,2017
Tetaiuo1_2017_3.JPG,Tetaiuo1,B6,2017
Tetaiuo1_2017_4.JPG,Tetaiuo1,B6,2017
Tetaiuo1_2017_5.JPG,Tetaiuo1,B6,2017
Tetaiuo2_2017_1.JPG,Tetaiuo2,B5,2017
Tetaiuo2_2017_2.JPG,Tetaiuo2,B5,2017
Tetaiuo2_2017_3.JPG,Tetaiuo2,B5,2017
Tetaiuo2_2017_4.JPG,Tetaiuo2,B5,2017
Tetaiuo2_2017_5.JPG,Tetaiuo2,B5,2017
Tiahura1_2017_1.JPG,Tiahura1,B2,2017
Tiahura1_2017_2.JPG,Tiahura1,B2,2017
Tiahura1_2017_3.JPG,Tiahura1,B2,2017
Tiahura1_2017_4.JPG,Tiahura1,B2,2017
Tiahura1_2017_5.JPG,Tiahura1,B2,2017
Tiahura2_2017_1.JPG,Tiahura2,B7,2017
Tiahura2_2017_2.JPG,Tiahura2,B7,2017
Tiahura2_2017_3.JPG,Tiahura2,B7,2017
Tiahura2_2017_4.JPG,Tiahura2,B7,2017
Tiahura2_2017_5.JPG,Tiahura2,B7,2017
Vaianae1_2017_1.JPG,Vaianae1,B8,2017
Vaianae1_2017_2.JPG,Vaianae1,B8,2017
Vaianae1_2017_3.JPG,Vaianae1,B8,2017
Vaianae1_2017_4.JPG,Vaianae1,B8,2017
Vaianae1_2017_5.JPG,Vaianae1,B8,2017
Vaianae2_2017_1.JPG,Vaianae2,B10,2017
Vaianae2_2017_2.JPG,Vaianae2,B10,2017
Vaianae2_2017_3.JPG,Vaianae2,B10,2017
Vaianae2_2017_4.JPG,Vaianae2,B10,2017
Vaianae2_2017_5.JPG,Vaianae2,B10,2017
Vaiare1_2018_1.JPG,Vaiare1,B25,2018
Vaiare1_2018_2.JPG,Vaiare1,B25,2018
Vaiare1_2018_3.JPG,Vaiare1,B25,2018
Vaiare1_2018_4.JPG,Vaiare1,B25,2018
Vaiare1_2018_5.JPG,Vaiare1,B25,2018
Vaiare2_2018_1.JPG,Vaiare2,B32,2018
Vaiare2_2018_2.JPG,Vaiare2,B32,2018
Vaiare2_2018_3.JPG,Vaiare2,B32,2018
Vaiare2_2018_4.JPG,Vaiare2,B32,2018
Vaiare2_2018_5.JPG,Vaiare2,B32,2018